{
  "model": "hnn",
  "sigma": 0.0,
  "dt": 0.05000000074505806,
  "horizon": 200,
  "rollout_mse": 7.94674690496322e-07,
  "ade_q": 0.0002933595096692443,
  "fde_q": 0.0004614782228600234,
  "energy_drift_final_abs_mean": 6.44581887172535e-05,
  "energy_drift_abs_max": 0.00028754095546901226
}